Workbook

Sheet Sheet1
A1: EMPLOYEE PAYROLL | C1: Mr Atom
D2: HOURS WORKED | I2: OVERTIME HOURS | N2: PAY | S2: OVERTIME BONUS | X2: TOTAL PAY | AD2: JANUARY PAY
A3: FIRST NAME | B3: LAST NAME | C3: HOURLY WAGE | D3: 46023 | E3: =D3+7 -> 46030 | F3: =E3+7 -> 46037 | G3: =F3+7 -> 46044 | H3: =G3+7 -> 46051 | I3: 46023 | J3: =I3+7 -> 46030 | K3: =J3+7 -> 46037 | L3: =K3+7 -> 46044 | M3: =L3+7 -> 46051 | N3: 46023 | O3: =N3+7 -> 46030 | P3: =O3+7 -> 46037 | Q3: =P3+7 -> 46044 | R3: =Q3+7 -> 46051 | S3: 46023 | T3: =S3+7 -> 46030 | U3: =T3+7 -> 46037 | V3: =U3+7 -> 46044 | W3: =V3+7 -> 46051 | X3: 46023 | Y3: =X3+7 -> 46030 | Z3: =Y3+7 -> 46037 | AA3: =Z3+7 -> 46044 | AB3: =AA3+7 -> 46051
A4: Brain | B4: Mwangi | C4: 15.9 | D4: 40 | E4: 42 | F4: 39 | G4: 30 | H4: 46 | I4: =IF(D4>40,D4-40,0) -> 0 | J4: =IF(E4>40,E4-40,0) -> 2 | K4: =IF(F4>40,F4-40,0) -> 0 | L4: =IF(G4>40,G4-40,0) -> 0 | M4: =IF(H4>40,H4-40,0) -> 6 | N4: =$C4*D4 -> 636 | O4: =$C4*E4 -> 667.8 | P4: =$C4*F4 -> 620.1 | Q4: =$C4*G4 -> 477 | R4: =$C4*H4 -> 731.4 | S4: =0.5*$C4*I4 -> 0 | T4: =0.5*$C4*J4 -> 15.9 | U4: =0.5*$C4*K4 -> 0 | V4: =0.5*$C4*L4 -> 0 | W4: =0.5*$C4*M4 -> 47.7 | X4: =N4+S4 -> 636 | Y4: =O4+T4 -> 683.7 | Z4: =P4+U4 -> 620.1 | AA4: =Q4+V4 -> 477 | AB4: =R4+W4 -> 779.1 | AD4: =SUM(X4:AB4) -> 3195.9
A5: Ahmed | B5: Abdi | C5: 10 | D5: 42 | E5: 41 | F5: 40 | G5: 38 | H5: 44 | I5: =IF(D5>40,D5-40,0) -> 2 | J5: =IF(E5>40,E5-40,0) -> 1 | K5: =IF(F5>40,F5-40,0) -> 0 | L5: =IF(G5>40,G5-40,0) -> 0 | M5: =IF(H5>40,H5-40,0) -> 4 | N5: =$C5*D5 -> 420 | O5: =$C5*E5 -> 410 | P5: =$C5*F5 -> 400 | Q5: =$C5*G5 -> 380 | R5: =$C5*H5 -> 440 | S5: =0.5*$C5*I5 -> 10 | T5: =0.5*$C5*J5 -> 5 | U5: =0.5*$C5*K5 -> 0 | V5: =0.5*$C5*L5 -> 0 | W5: =0.5*$C5*M5 -> 20 | X5: =N5+S5 -> 430 | Y5: =O5+T5 -> 415 | Z5: =P5+U5 -> 400 | AA5: =Q5+V5 -> 380 | AB5: =R5+W5 -> 460 | AD5: =SUM(X5:AB5) -> 2085
A6: Grace | B6: Wanjiku | C6: 22.1 | D6: 49 | E6: 40 | F6: 33 | G6: 20 | H6: 18 | I6: =IF(D6>40,D6-40,0) -> 9 | J6: =IF(E6>40,E6-40,0) -> 0 | K6: =IF(F6>40,F6-40,0) -> 0 | L6: =IF(G6>40,G6-40,0) -> 0 | M6: =IF(H6>40,H6-40,0) -> 0 | N6: =$C6*D6 -> 1082.9 | O6: =$C6*E6 -> 884 | P6: =E6*F6 -> 1320 | Q6: =F6*G6 -> 660 | R6: =G6*H6 -> 360 | S6: =0.5*$C6*I6 -> 99.45 | T6: =0.5*$C6*J6 -> 0 | U6: =0.5*$C6*K6 -> 0 | V6: =0.5*$C6*L6 -> 0 | W6: =0.5*$C6*M6 -> 0 | X6: =N6+S6 -> 1182.35 | Y6: =O6+T6 -> 884 | Z6: =P6+U6 -> 1320 | AA6: =Q6+V6 -> 660 | AB6: =R6+W6 -> 360 | AD6: =SUM(X6:AB6) -> 4406.35
A7: Daniel | B7: Otieno | C7: 19.1 | D7: 41 | E7: 50 | F7: 47 | G7: 30 | H7: 39 | I7: =IF(D7>40,D7-40,0) -> 1 | J7: =IF(E7>40,E7-40,0) -> 10 | K7: =IF(F7>40,F7-40,0) -> 7 | L7: =IF(G7>40,G7-40,0) -> 0 | M7: =IF(H7>40,H7-40,0) -> 0 | N7: =$C7*D7 -> 783.1 | O7: =$C7*E7 -> 955 | P7: =E7*F7 -> 2350 | Q7: =F7*G7 -> 1410 | R7: =G7*H7 -> 1170 | S7: =0.5*$C7*I7 -> 9.55 | T7: =0.5*$C7*J7 -> 95.5 | U7: =0.5*$C7*K7 -> 66.85 | V7: =0.5*$C7*L7 -> 0 | W7: =0.5*$C7*M7 -> 0 | X7: =N7+S7 -> 792.65 | Y7: =O7+T7 -> 1050.5 | Z7: =P7+U7 -> 2416.85 | AA7: =Q7+V7 -> 1410 | AB7: =R7+W7 -> 1170 | AD7: =SUM(X7:AB7) -> 6840
A8: maryy | B8: Atieno | C8: 6.9 | D8: 39 | E8: 52 | F8: 42 | G8: 40 | H8: 40 | I8: =IF(D8>40,D8-40,0) -> 0 | J8: =IF(E8>40,E8-40,0) -> 12 | K8: =IF(F8>40,F8-40,0) -> 2 | L8: =IF(G8>40,G8-40,0) -> 0 | M8: =IF(H8>40,H8-40,0) -> 0 | N8: =$C8*D8 -> 269.1 | O8: =$C8*E8 -> 358.8 | P8: =E8*F8 -> 2184 | Q8: =F8*G8 -> 1680 | R8: =G8*H8 -> 1600 | S8: =0.5*$C8*I8 -> 0 | T8: =0.5*$C8*J8 -> 41.4 | U8: =0.5*$C8*K8 -> 6.9 | V8: =0.5*$C8*L8 -> 0 | W8: =0.5*$C8*M8 -> 0 | X8: =N8+S8 -> 269.1 | Y8: =O8+T8 -> 400.2 | Z8: =P8+U8 -> 2190.9 | AA8: =Q8+V8 -> 1680 | AB8: =R8+W8 -> 1600 | AD8: =SUM(X8:AB8) -> 6140.2
A9: Peter | B9: Kiptoo | C9: 14.2 | D9: 44 | E9: 51 | F9: 42 | G9: 40 | H9: 20 | I9: =IF(D9>40,D9-40,0) -> 4 | J9: =IF(E9>40,E9-40,0) -> 11 | K9: =IF(F9>40,F9-40,0) -> 2 | L9: =IF(G9>40,G9-40,0) -> 0 | M9: =IF(H9>40,H9-40,0) -> 0 | N9: =$C9*D9 -> 624.8 | O9: =$C9*E9 -> 724.2 | P9: =E9*F9 -> 2142 | Q9: =F9*G9 -> 1680 | R9: =G9*H9 -> 800 | S9: =0.5*$C9*I9 -> 28.4 | T9: =0.5*$C9*J9 -> 78.1 | U9: =0.5*$C9*K9 -> 14.2 | V9: =0.5*$C9*L9 -> 0 | W9: =0.5*$C9*M9 -> 0 | X9: =N9+S9 -> 653.2 | Y9: =O9+T9 -> 802.3 | Z9: =P9+U9 -> 2156.2 | AA9: =Q9+V9 -> 1680 | AB9: =R9+W9 -> 800 | AD9: =SUM(X9:AB9) -> 6091.7
A10: Faith | B10: Njeri | C10: 18 | D10: 55 | E10: 60 | F10: 45 | G10: 40 | H10: 49 | I10: =IF(D10>40,D10-40,0) -> 15 | J10: =IF(E10>40,E10-40,0) -> 20 | K10: =IF(F10>40,F10-40,0) -> 5 | L10: =IF(G10>40,G10-40,0) -> 0 | M10: =IF(H10>40,H10-40,0) -> 9 | N10: =$C10*D10 -> 990 | O10: =$C10*E10 -> 1080 | P10: =E10*F10 -> 2700 | Q10: =F10*G10 -> 1800 | R10: =G10*H10 -> 1960 | S10: =0.5*$C10*I10 -> 135 | T10: =0.5*$C10*J10 -> 180 | U10: =0.5*$C10*K10 -> 45 | V10: =0.5*$C10*L10 -> 0 | W10: =0.5*$C10*M10 -> 81 | X10: =N10+S10 -> 1125 | Y10: =O10+T10 -> 1260 | Z10: =P10+U10 -> 2745 | AA10: =Q10+V10 -> 1800 | AB10: =R10+W10 -> 2041 | AD10: =SUM(X10:AB10) -> 8971
A11: Amina | B11: Hassan | C11: 17.5 | D11: 33 | E11: 22 | F11: 54 | G11: 40 | H11: 20 | I11: =IF(D11>40,D11-40,0) -> 0 | J11: =IF(E11>40,E11-40,0) -> 0 | K11: =IF(F11>40,F11-40,0) -> 14 | L11: =IF(G11>40,G11-40,0) -> 0 | M11: =IF(H11>40,H11-40,0) -> 0 | N11: =$C11*D11 -> 577.5 | O11: =$C11*E11 -> 385 | P11: =E11*F11 -> 1188 | Q11: =F11*G11 -> 2160 | R11: =G11*H11 -> 800 | S11: =0.5*$C11*I11 -> 0 | T11: =0.5*$C11*J11 -> 0 | U11: =0.5*$C11*K11 -> 122.5 | V11: =0.5*$C11*L11 -> 0 | W11: =0.5*$C11*M11 -> 0 | X11: =N11+S11 -> 577.5 | Y11: =O11+T11 -> 385 | Z11: =P11+U11 -> 1310.5 | AA11: =Q11+V11 -> 2160 | AB11: =R11+W11 -> 800 | AD11: =SUM(X11:AB11) -> 5233
A12: Kevin | B12: Kamau | C12: 14.7 | D12: 29 | E12: 40 | F12: 42 | G12: 39 | H12: 40 | I12: =IF(D12>40,D12-40,0) -> 0 | J12: =IF(E12>40,E12-40,0) -> 0 | K12: =IF(F12>40,F12-40,0) -> 2 | L12: =IF(G12>40,G12-40,0) -> 0 | M12: =IF(H12>40,H12-40,0) -> 0 | N12: =$C12*D12 -> 426.3 | O12: =$C12*E12 -> 588 | P12: =E12*F12 -> 1680 | Q12: =F12*G12 -> 1638 | R12: =G12*H12 -> 1560 | S12: =0.5*$C12*I12 -> 0 | T12: =0.5*$C12*J12 -> 0 | U12: =0.5*$C12*K12 -> 14.7 | V12: =0.5*$C12*L12 -> 0 | W12: =0.5*$C12*M12 -> 0 | X12: =N12+S12 -> 426.3 | Y12: =O12+T12 -> 588 | Z12: =P12+U12 -> 1694.7 | AA12: =Q12+V12 -> 1638 | AB12: =R12+W12 -> 1560 | AD12: =SUM(X12:AB12) -> 5907
A13: Nawal | B13: Abdi | C13: 13.9 | D13: 40 | E13: 40 | F13: 41 | G13: 42 | H13: 40 | I13: =IF(D13>40,D13-40,0) -> 0 | J13: =IF(E13>40,E13-40,0) -> 0 | K13: =IF(F13>40,F13-40,0) -> 1 | L13: =IF(G13>40,G13-40,0) -> 2 | M13: =IF(H13>40,H13-40,0) -> 0 | N13: =$C13*D13 -> 556 | O13: =$C13*E13 -> 556 | P13: =E13*F13 -> 1640 | Q13: =F13*G13 -> 1722 | R13: =G13*H13 -> 1680 | S13: =0.5*$C13*I13 -> 0 | T13: =0.5*$C13*J13 -> 0 | U13: =0.5*$C13*K13 -> 6.95 | V13: =0.5*$C13*L13 -> 13.9 | W13: =0.5*$C13*M13 -> 0 | X13: =N13+S13 -> 556 | Y13: =O13+T13 -> 556 | Z13: =P13+U13 -> 1646.95 | AA13: =Q13+V13 -> 1735.9 | AB13: =R13+W13 -> 1680 | AD13: =SUM(X13:AB13) -> 6174.85
A15: max | C15: =MAX(C4:C13) -> 22.1 | D15: =MAX(D4:D13) -> 55 | E15: =MAX(E4:E13) -> 60 | F15: =MAX(F4:F13) -> 54 | G15: =MAX(G4:G13) -> 42 | H15: =MAX(H4:H13) -> 49 | N15: =MAX(N4:N13) -> 1082.9 | O15: =MAX(O4:O13) -> 1080 | P15: =MAX(P4:P13) -> 2700 | Q15: =MAX(Q4:Q13) -> 2160 | R15: =MAX(R4:R13) -> 1960 | S15: =MAX(S4:S13) -> 135 | T15: =MAX(T4:T13) -> 180 | U15: =MAX(U4:U13) -> 122.5 | ... AB15: =MAX(AB4:AB13) -> 2041 | AD15: =MAX(AD4:AD13) -> 8971
A16: min | C16: =MIN(C4:C13) -> 6.9 | D16: =MIN(D4:D13) -> 29 | E16: =MIN(E4:E13) -> 22 | F16: =MIN(F4:F13) -> 33 | G16: =MIN(G4:G13) -> 20 | H16: =MIN(H4:H13) -> 18 | N16: =MIN(N4:N13) -> 269.1 | O16: =MIN(O4:O13) -> 358.8 | P16: =MIN(P4:P13) -> 400 | Q16: =MIN(Q4:Q13) -> 380 | R16: =MIN(R4:R13) -> 360 | S16: =MIN(S4:S13) -> 0 | T16: =MIN(T4:T13) -> 0 | U16: =MIN(U4:U13) -> 0 | ... AB16: =MIN(AB4:AB13) -> 360 | AD16: =MIN(AD4:AD13) -> 2085
A17: average | C17: =AVERAGE(C4:C13) -> 15.23 | D17: =AVERAGE(D4:D13) -> 41.2 | E17: =AVERAGE(E4:E13) -> 43.8 | F17: =AVERAGE(F4:F13) -> 42.5 | G17: =AVERAGE(G4:G13) -> 35.9 | H17: =AVERAGE(H4:H13) -> 35.6 | N17: =AVERAGE(N4:N13) -> 636.57 | O17: =AVERAGE(O4:O13) -> 660.88 | P17: =AVERAGE(P4:P13) -> 1622.41 | Q17: =AVERAGE(Q4:Q13) -> 1360.7 | R17: =AVERAGE(R4:R13) -> 1110.14 | S17: =AVERAGE(S4:S13) -> 28.24 | T17: =AVERAGE(T4:T13) -> 41.59 | U17: =AVERAGE(U4:U13) -> 27.71 | ... AB17: =AVERAGE(AB4:AB13) -> 1125.01 | AD17: =AVERAGE(AD4:AD13) -> 5504.5
A18: Total | D18: =SUM(D4:D13) -> 412 | E18: =SUM(E4:E13) -> 438 | F18: =SUM(F4:F13) -> 425 | G18: =SUM(G4:G13) -> 359 | H18: =SUM(H4:H13) -> 356 | N18: =SUM(N4:N13) -> 6365.7 | O18: =SUM(O4:O13) -> 6608.8 | P18: =SUM(P4:P13) -> 16224.1 | Q18: =SUM(Q4:Q13) -> 13607 | R18: =SUM(R4:R13) -> 11101.4 | S18: =SUM(S4:S13) -> 282.4 | T18: =SUM(T4:T13) -> 415.9 | U18: =SUM(U4:U13) -> 277.1 | ... AB18: =SUM(AB4:AB13) -> 11250.1 | AD18: =SUM(AD4:AD13) -> 55045

Sheet DASHBOARD
A1: EMPLOYEE PAYROLL DASHBOARD
A3: Payroll Period | B3: January
A5: Total January Payroll | B5: =SUM(Sheet1!AD4:AD13) -> 55045 | C5: Number of Employees | D5: =COUNTA(Sheet1!A4:A13) -> 10 | E5: Average Employee Pay | F5: =AVERAGE(Sheet1!AD4:AD13) -> 5504.5
A8: Total Overtime Hours | B8: =SUM(Sheet1!I4:M13) -> 141 | C8: Highest Employee Pay | D8: =MAX(Sheet1!AD4:AD13) -> 8971
A22: EMPLOYEE | B22: JANUARY PAY
A23: =Sheet1!A4&" "&Sheet1!B4 -> Brain Mwangi | B23: =Sheet1!AD4 -> 3195.9
A24: =Sheet1!A5&" "&Sheet1!B5 -> Ahmed Abdi | B24: =Sheet1!AD5 -> 2085 | D24: EMPLYEE | E24: JANUARY PAY
A25: =Sheet1!A6&" "&Sheet1!B6 -> Grace Wanjiku | B25: =Sheet1!AD6 -> 4406.35 | D25: =A23 -> Brain Mwangi | E25: =B23 -> 3195.9
A26: =Sheet1!A7&" "&Sheet1!B7 -> Daniel Otieno | B26: =Sheet1!AD7 -> 6840 | D26: =A24 -> Ahmed Abdi | E26: =B24 -> 2085
A27: =Sheet1!A8&" "&Sheet1!B8 -> maryy Atieno | B27: =Sheet1!AD8 -> 6140.2 | D27: =A25 -> Grace Wanjiku | E27: =B25 -> 4406.35
A28: =Sheet1!A9&" "&Sheet1!B9 -> Peter Kiptoo | B28: =Sheet1!AD9 -> 6091.7 | D28: =A26 -> Daniel Otieno | E28: =B26 -> 6840
A29: =Sheet1!A10&" "&Sheet1!B10 -> Faith Njeri | B29: =Sheet1!AD10 -> 8971 | D29: =A27 -> maryy Atieno | E29: =B27 -> 6140.2
A30: =Sheet1!A11&" "&Sheet1!B11 -> Amina Hassan | B30: =Sheet1!AD11 -> 5233 | D30: =A28 -> Peter Kiptoo | E30: =B28 -> 6091.7
A31: =Sheet1!A12&" "&Sheet1!B12 -> Kevin Kamau | B31: =Sheet1!AD12 -> 5907 | D31: =A29 -> Faith Njeri | E31: =B29 -> 8971
A32: =Sheet1!A13&" "&Sheet1!B13 -> Nawal Abdi | B32: =Sheet1!AD13 -> 6174.85 | D32: =A30 -> Amina Hassan | E32: =B30 -> 5233
D33: =A31 -> Kevin Kamau | E33: =B31 -> 5907
D34: =A32 -> Nawal Abdi | E34: =B32 -> 6174.85
